;ISBN;weight
1617;059035342X;8.553605610333134
927;043935806X;8.520811429487788
1062;0446310786;8.461769956319994
711;0385504209;8.353079396176085
1821;0679781587;8.321046279514142
220;0142001740;8.269706185080317
251;0312195516;8.22628200593795
321;0316666343;8.17298088536067
1178;0446672211;8.102624392102243
1680;0671027360;8.068751659946402
