;ISBN;mean
2157;3404118960;10.0
930;0439425220;9.823529411764707
25;0060256656;9.8
1628;0618002235;9.777777777777779
2162;3426029553;9.666666666666666
2144;193156146X;9.666666666666666
2035;0836218787;9.631578947368421
126;006440188X;9.625
2030;0836218221;9.588235294117647
2036;0836220889;9.578947368421053
